"ID","Country","Segment","Product","Units Sold","Sale Price","Discounts","Modified"
"1","Canada","Government","Carretera 1","1,618.5","20","0","3/16/2025 03:43 AM"
"2","Germany","Government","Carretera 1","1,321","20","0","3/16/2025 03:43 AM"
"3","France","Midmarket","Carretera 1","2,178","15","0","3/16/2025 03:43 AM"
"4","Germany","Midmarket","Carretera 1","888","15","0","3/16/2025 03:43 AM"
"5","Mexico","Midmarket","Carretera","2,470","15","0","3/16/2025 04:38 AM"
"6","Germany","Government","Carretera","1,513","350","0","3/16/2025 03:40 AM"
"7","Germany","Midmarket","Montana","921","15","0","3/16/2025 03:40 AM"
"8","Canada","Channel Partners","Montana","2,518","12","0","3/16/2025 03:40 AM"
"9","France","Government","Montana","1,899","20","0","3/16/2025 03:40 AM"
"10","Germany","Channel Partners","Montana","1,545","12","0","3/16/2025 03:40 AM"
"11","Mexico","Midmarket","Montana","2,470","15","0","3/16/2025 04:38 AM"
"12","Canada","Enterprise","Montana","2,665.5","125","0","3/16/2025 03:40 AM"
"13","Mexico","Small Business","Montana","958","300","0","3/16/2025 04:38 AM"
"14","Germany","Government","Montana","2,146","7","0","3/16/2025 03:40 AM"
"15","Canada","Enterprise","Montana","345","125","0","3/16/2025 03:40 AM"
"16","United States of America","Midmarket","Montana","615","15","0","3/16/2025 03:43 AM"
"17","Canada","Government","Paseo","292","20","0","3/16/2025 03:43 AM"
"18","Mexico","Midmarket","Paseo","974","15","0","3/16/2025 04:38 AM"
"19","Canada","Channel Partners","Paseo","2,518","12","0","3/16/2025 03:43 AM"
"20","Germany","Government","Paseo","1,006","350","0","3/16/2025 03:43 AM"
"21","Germany","Channel Partners","Paseo","367","12","0","3/16/2025 03:43 AM"
"22","Mexico","Government","Paseo","883","7","0","3/16/2025 04:38 AM"
"23","France","Midmarket","Paseo","549","15","0","3/16/2025 03:43 AM"
"24","Mexico","Small Business","Paseo","788","300","0","3/16/2025 04:38 AM"
"25","Mexico","Midmarket","Paseo","2,472","15","0","3/16/2025 04:38 AM"
"26","United States of America","Government","Paseo","1,143","7","0","3/16/2025 03:43 AM"
"27","Canada","Government","Paseo","1,725","350","0","3/16/2025 03:43 AM"
"28","United States of America","Channel Partners","Paseo","912","12","0","3/16/2025 03:43 AM"
"29","Canada","Midmarket","Paseo","2,152","15","0","3/16/2025 03:43 AM"
"30","Canada","Government","Paseo","1,817","20","0","3/16/2025 03:43 AM"
"31","Germany","Government","Paseo","1,513","350","0","3/16/2025 03:43 AM"
"32","Mexico","Government","Velo","1,493","7","0","3/16/2025 04:38 AM"
"33","France","Enterprise","Velo","1,804","125","0","3/16/2025 03:43 AM"
"34","Germany","Channel Partners","Velo","2,161","12","0","3/16/2025 03:43 AM"
"35","Germany","Government","Velo","1,006","350","0","3/16/2025 03:43 AM"
"36","Germany","Channel Partners","Velo","1,545","12","0","3/16/2025 03:43 AM"
"37","United States of America","Enterprise","Velo","2,821","125","0","3/16/2025 03:43 AM"
"38","Canada","Enterprise","Velo","345","125","0","3/16/2025 03:43 AM"
"39","Canada","Small Business","VTT","2,001","300","0","3/16/2025 03:43 AM"
"40","Germany","Channel Partners","VTT","2,838","12","0","3/16/2025 03:43 AM"
"41","France","Midmarket","VTT","2,178","15","0","3/16/2025 03:43 AM"
"42","Germany","Midmarket","VTT","888","15","0","3/16/2025 03:43 AM"
"43","France","Government","VTT","1,527","350","0","3/16/2025 03:43 AM"
"44","France","Small Business","VTT","2,151","300","0","3/16/2025 03:43 AM"
"45","Canada","Government","VTT","1,817","20","0","3/16/2025 03:43 AM"
"46","France","Government","Amarilla","2,750","350","0","3/16/2025 03:43 AM"
"47","United States of America","Channel Partners","Amarilla","1,953","12","0","3/16/2025 03:43 AM"
"48","Germany","Enterprise","Amarilla","4,219.5","125","0","3/16/2025 03:43 AM"
"49","France","Government","Amarilla","1,899","20","0","3/16/2025 03:43 AM"
"50","Germany","Government","Amarilla","1,686","7","0","3/16/2025 03:43 AM"
"51","United States of America","Channel Partners","Amarilla","2,141","12","0","3/16/2025 03:43 AM"
"52","United States of America","Government","Amarilla","1,143","7","0","3/16/2025 03:43 AM"
"53","United States of America","Midmarket","Amarilla","615","15","0","3/16/2025 03:43 AM"
"54","France","Government","Paseo","3,945","7","276.15","3/16/2025 03:43 AM"
"55","France","Midmarket","Paseo","2,296","15","344.4","3/16/2025 03:43 AM"
"56","France","Government","Paseo","1,030","7","72.1","3/16/2025 03:43 AM"
"57","France","Government","Velo","639","7","44.73","3/16/2025 03:43 AM"
"58","Canada","Government","VTT","1,326","7","92.82","3/16/2025 03:43 AM"
"59","United States of America","Channel Partners","Carretera","1,858","12","222.96","3/16/2025 03:43 AM"
"60","Mexico","Government","Carretera","1,210","350","4,235","3/16/2025 04:23 AM"
"61","United States of America","Government","Carretera","2,529","7","177.03","3/16/2025 03:43 AM"
"62","Canada","Channel Partners","Carretera","1,445","12","173.4","3/16/2025 03:43 AM"
"63","United States of America","Enterprise","Carretera","330","125","412.5","3/16/2025 03:43 AM"
"64","France","Channel Partners","Carretera","2,671","12","320.52","3/16/2025 03:43 AM"
"65","Germany","Channel Partners","Carretera","766","12","91.92","3/16/2025 03:43 AM"
"66","Mexico","Small Business","Carretera","494","300","1,482","3/16/2025 04:23 AM"
"67","Mexico","Government","Carretera","1,397","350","4,889.5","3/16/2025 04:23 AM"
"68","France","Government","Carretera","2,155","350","7,542.5","3/16/2025 03:43 AM"
"69","Mexico","Midmarket","Montana","2,214","15","332.1","3/16/2025 04:23 AM"
"70","United States of America","Small Business","Montana","2,301","300","6,903","3/16/2025 03:43 AM"
"71","France","Government","Montana","1,375.5","20","275.1","3/16/2025 03:43 AM"
"72","Canada","Government","Montana","1,830","7","128.1","3/16/2025 03:43 AM"
"73","United States of America","Small Business","Montana","2,498","300","7,494","3/16/2025 03:43 AM"
"74","United States of America","Enterprise","Montana","663","125","828.75","3/16/2025 03:43 AM"
"75","United States of America","Midmarket","Paseo","1,514","15","227.1","3/16/2025 03:43 AM"
"76","United States of America","Government","Paseo","4,492.5","7","314.475","3/16/2025 03:43 AM"
"77","United States of America","Enterprise","Paseo","727","125","908.75","3/16/2025 03:43 AM"
"78","France","Enterprise","Paseo","787","125","983.75","3/16/2025 03:43 AM"
"79","Mexico","Enterprise","Paseo","1,823","125","2,278.75","3/16/2025 04:23 AM"
"80","Germany","Midmarket","Paseo","747","15","112.05","3/16/2025 03:43 AM"
"81","Germany","Channel Partners","Paseo","766","12","91.92","3/16/2025 03:43 AM"
"82","United States of America","Small Business","Paseo","2,905","300","8,715","3/16/2025 03:43 AM"
"83","France","Government","Paseo","2,155","350","7,542.5","3/16/2025 03:43 AM"
"84","France","Government","Velo","3,864","20","772.8","3/16/2025 03:43 AM"
"85","Mexico","Government","Velo","362","7","25.34","3/16/2025 04:23 AM"
"86","Canada","Enterprise","Velo","923","125","1,153.75","3/16/2025 03:43 AM"
"87","United States of America","Enterprise","Velo","663","125","828.75","3/16/2025 03:43 AM"
"88","Canada","Government","Velo","2,092","7","146.44","3/16/2025 03:43 AM"
"89","Germany","Government","VTT","263","7","18.41","3/16/2025 03:43 AM"
"90","Canada","Government","VTT","943.5","350","3,302.25","3/16/2025 03:43 AM"
"91","United States of America","Enterprise","VTT","727","125","908.75","3/16/2025 03:43 AM"
"92","France","Enterprise","VTT","787","125","983.75","3/16/2025 03:43 AM"
"93","Germany","Small Business","VTT","986","300","2,958","3/16/2025 03:43 AM"
"94","Mexico","Small Business","VTT","494","300","1,482","3/16/2025 04:23 AM"
"95","Mexico","Government","VTT","1,397","350","4,889.5","3/16/2025 04:23 AM"
"96","France","Enterprise","VTT","1,744","125","2,180","3/16/2025 03:43 AM"
"97","United States of America","Channel Partners","Amarilla","1,989","12","238.68","3/16/2025 03:43 AM"
"98","France","Midmarket","Amarilla","321","15","48.15","3/16/2025 03:43 AM"
"99","Canada","Enterprise","Carretera","742.5","125","1,856.25","3/16/2025 03:43 AM"
"100","Canada","Channel Partners","Carretera","1,295","12","310.8","3/16/2025 03:43 AM"
"101","Germany","Small Business","Carretera","214","300","1,284","3/16/2025 03:43 AM"
"102","France","Government","Carretera","2,145","7","300.3","3/16/2025 03:43 AM"
"103","Canada","Government","Carretera","2,852","350","19,964","3/16/2025 03:43 AM"
"104","United States of America","Channel Partners","Montana","1,142","12","274.08","3/16/2025 03:43 AM"
"105","United States of America","Government","Montana","1,566","20","626.4","3/16/2025 03:43 AM"
"106","Mexico","Channel Partners","Montana",,,,"3/16/2025 04:23 AM"
"107","Mexico","Enterprise","Montana",,,,"3/16/2025 04:23 AM"
"108","Canada","Midmarket","Paseo","2,363","15","708.9","3/16/2025 03:43 AM"
"109","France","Small Business","Paseo","918","300","5,508","3/16/2025 03:43 AM"
"110","Germany","Small Business","Paseo","1,728","300","10,368","3/16/2025 03:43 AM"
"111","United States of America","Channel Partners","Paseo","1,142","12","274.08","3/16/2025 03:43 AM"
"112","Mexico","Enterprise","Paseo",,,,"3/16/2025 04:23 AM"
"113","Canada","Channel Partners","Paseo","1,295","12","310.8","3/16/2025 03:43 AM"
"114","Germany","Enterprise","Paseo","809","125","2,022.5","3/16/2025 03:43 AM"
"115","Mexico","Enterprise","Paseo",,,,"3/16/2025 04:23 AM"
"116","France","Channel Partners","Paseo","1,785","12","428.4","3/16/2025 03:43 AM"
"117","Canada","Small Business","Paseo","1,916","300","11,496","3/16/2025 03:43 AM"
"118","Canada","Government","Paseo","2,852","350","19,964","3/16/2025 03:43 AM"
"119","Canada","Enterprise","Paseo","2,729","125","6,822.5","3/16/2025 03:43 AM"
"120","United States of America","Midmarket","Paseo","1,925","15","577.5","3/16/2025 03:43 AM"
"121","United States of America","Government","Paseo","2,013","7","281.82","3/16/2025 03:43 AM"
"122","France","Channel Partners","Paseo","1,055","12","253.2","3/16/2025 03:43 AM"
"123","Mexico","Channel Partners","Paseo",,,,"3/16/2025 04:23 AM"
"124","United States of America","Government","Velo","1,566","20","626.4","3/16/2025 03:43 AM"
"125","Germany","Government","Velo","2,966","350","20,762","3/16/2025 03:43 AM"
"126","Germany","Government","Velo","2,877","350","20,139","3/16/2025 03:43 AM"
"127","Germany","Enterprise","Velo","809","125","2,022.5","3/16/2025 03:43 AM"
"128","Mexico","Enterprise","Velo",,,,"3/16/2025 04:23 AM"
"129","France","Channel Partners","Velo","1,055","12","253.2","3/16/2025 03:43 AM"
"130","Mexico","Government","Velo",,,,"3/16/2025 04:23 AM"
"131","Mexico","Channel Partners","Velo",,,,"3/16/2025 04:23 AM"
"132","Mexico","Enterprise","VTT",,,,"3/16/2025 04:23 AM"
"133","Germany","Small Business","VTT","214","300","1,284","3/16/2025 03:43 AM"
"134","Germany","Government","VTT","2,877","350","20,139","3/16/2025 03:43 AM"
"135","Canada","Enterprise","VTT","2,729","125","6,822.5","3/16/2025 03:43 AM"
"136","United States of America","Government","VTT","266","350","1,862","3/16/2025 03:43 AM"
"137","Mexico","Government","VTT",,,,"3/16/2025 04:23 AM"
"138","Germany","Small Business","Amarilla","259","300","1,554","3/16/2025 03:43 AM"
"139","Mexico","Small Business","Amarilla",,,,"3/16/2025 04:23 AM"
"140","Germany","Enterprise","Amarilla","2,276","125","5,690","3/16/2025 03:43 AM"
"141","Germany","Government","Amarilla","2,966","350","20,762","3/16/2025 03:43 AM"
"142","United States of America","Government","Amarilla","1,236","20","494.4","3/16/2025 03:43 AM"
"143","France","Government","Amarilla","941","20","376.4","3/16/2025 03:43 AM"
"144","Canada","Small Business","Amarilla","1,916","300","11,496","3/16/2025 03:43 AM"
"145","France","Enterprise","Carretera","4,243.5","125","15,913.125","3/16/2025 03:43 AM"
"146","Germany","Government","Carretera","2,580","20","1,548","3/16/2025 03:43 AM"
"147","Germany","Small Business","Carretera","689","300","6,201","3/16/2025 03:43 AM"
"148","United States of America","Channel Partners","Carretera","1,947","12","700.92","3/16/2025 03:43 AM"
"149","Canada","Channel Partners","Carretera","908","12","326.88","3/16/2025 03:43 AM"
"150","Germany","Government","Montana","1,958","7","411.18","3/16/2025 03:43 AM"
"151","France","Channel Partners","Montana","1,901","12","684.36","3/16/2025 03:43 AM"
"152","France","Government","Montana","544","7","114.24","3/16/2025 03:43 AM"
"153","Germany","Government","Montana","1,797","350","18,868.5","3/16/2025 03:43 AM"
"154","France","Enterprise","Montana","1,287","125","4,826.25","3/16/2025 03:43 AM"
"155","Germany","Enterprise","Montana","1,706","125","6,397.5","3/16/2025 03:43 AM"
"156","France","Small Business","Paseo","2,434.5","300","21,910.5","3/16/2025 03:43 AM"
"157","Canada","Enterprise","Paseo","1,774","125","6,652.5","3/16/2025 03:43 AM"
"158","France","Channel Partners","Paseo","1,901","12","684.36","3/16/2025 03:43 AM"
"159","Germany","Small Business","Paseo","689","300","6,201","3/16/2025 03:43 AM"
"160","Germany","Enterprise","Paseo","1,570","125","5,887.5","3/16/2025 03:43 AM"
"161","United States of America","Channel Partners","Paseo","1,369.5","12","493.02","3/16/2025 03:43 AM"
"162","Canada","Enterprise","Paseo","2,009","125","7,533.75","3/16/2025 03:43 AM"
"163","Germany","Midmarket","Paseo","1,945","15","875.25","3/16/2025 03:43 AM"
"164","France","Enterprise","Paseo","1,287","125","4,826.25","3/16/2025 03:43 AM"
"165","Germany","Enterprise","Paseo","1,706","125","6,397.5","3/16/2025 03:43 AM"
"166","Canada","Enterprise","Velo","2,009","125","7,533.75","3/16/2025 03:43 AM"
"167","United States of America","Small Business","VTT","2,844","300","25,596","3/16/2025 03:43 AM"
"168","Mexico","Channel Partners","VTT",,,,"3/16/2025 04:23 AM"
"169","Germany","Enterprise","VTT","1,570","125","5,887.5","3/16/2025 03:43 AM"
"170","Canada","Small Business","VTT","1,874","300","16,866","3/16/2025 03:43 AM"
"171","Mexico","Government","VTT",,,,"3/16/2025 04:23 AM"
"172","Germany","Midmarket","VTT","1,945","15","875.25","3/16/2025 03:43 AM"
"173","Canada","Government","Carretera","831","20","498.6","3/16/2025 03:43 AM"
"174","Mexico","Government","Paseo",,,,"3/16/2025 04:23 AM"
"175","Canada","Government","Velo","3,850.5","20","2,310.3","3/16/2025 03:43 AM"
"176","Germany","Channel Partners","VTT","2,479","12","892.44","3/16/2025 03:43 AM"
"177","Mexico","Midmarket","Montana",,,,"3/16/2025 04:23 AM"
"178","Mexico","Midmarket","Paseo",,,,"3/16/2025 04:23 AM"
"179","France","Midmarket","Paseo","2,261","15","1,356.6","3/16/2025 03:43 AM"
"180","United States of America","Government","Velo","736","20","588.8","3/16/2025 03:43 AM"
"181","Canada","Government","Carretera","2,851","7","798.28","3/16/2025 03:43 AM"
"182","Germany","Small Business","Carretera","2,021","300","24,252","3/16/2025 03:43 AM"
"183","United States of America","Government","Carretera","274","350","3,836","3/16/2025 03:43 AM"
"184","Canada","Midmarket","Montana","1,967","15","1,180.2","3/16/2025 03:43 AM"
"185","Germany","Small Business","Montana","1,859","300","22,308","3/16/2025 03:43 AM"
"186","Canada","Government","Montana","2,851","7","798.28","3/16/2025 03:43 AM"
"187","Germany","Small Business","Montana","2,021","300","24,252","3/16/2025 03:43 AM"
"188","Mexico","Enterprise","Montana",,,,"3/16/2025 04:23 AM"
"189","Canada","Government","Paseo","4,251","7","1,190.28","3/16/2025 03:43 AM"
"190","Germany","Enterprise","Paseo","795","125","3,975","3/16/2025 03:43 AM"
"191","Germany","Small Business","Paseo","1,414.5","300","16,974","3/16/2025 03:43 AM"
"192","United States of America","Small Business","Paseo","2,918","300","35,016","3/16/2025 03:43 AM"
"193","United States of America","Government","Paseo","3,450","350","48,300","3/16/2025 03:43 AM"
"194","France","Enterprise","Paseo","2,988","125","14,940","3/16/2025 03:43 AM"
"195","Canada","Midmarket","Paseo","218","15","130.8","3/16/2025 03:43 AM"
"196","Canada","Government","Paseo","2,074","20","1,659.2","3/16/2025 03:43 AM"
"197","United States of America","Government","Paseo","1,056","20","844.8","3/16/2025 03:43 AM"
"198","United States of America","Midmarket","Paseo","671","15","402.6","3/16/2025 03:43 AM"
"199","Mexico","Midmarket","Paseo",,,,"3/16/2025 04:23 AM"
"200","United States of America","Government","Paseo","274","350","3,836","3/16/2025 03:43 AM"
"201","Mexico","Enterprise","Paseo",,,,"3/16/2025 04:23 AM"
"202","United States of America","Channel Partners","Velo","1,465","12","703.2","3/16/2025 03:43 AM"
"203","Canada","Government","Velo","2,646","20","2,116.8","3/16/2025 03:43 AM"
"204","France","Government","Velo","2,177","350","30,478","3/16/2025 03:43 AM"
"205","France","Channel Partners","VTT","866","12","415.68","3/16/2025 03:43 AM"
"206","United States of America","Government","VTT","349","350","4,886","3/16/2025 03:43 AM"
"207","France","Government","VTT","2,177","350","30,478","3/16/2025 03:43 AM"
"208","Mexico","Midmarket","VTT",,,,"3/16/2025 04:23 AM"
"209","Mexico","Government","Amarilla",,,,"3/16/2025 04:23 AM"
"210","Mexico","Enterprise","Amarilla",,,,"3/16/2025 04:23 AM"
"211","Germany","Government","Amarilla","1,907","350","26,698","3/16/2025 03:43 AM"
"212","United States of America","Midmarket","Amarilla","671","15","402.6","3/16/2025 03:43 AM"
"213","Canada","Government","Amarilla","1,778","350","24,892","3/16/2025 03:43 AM"
"214","Germany","Government","Montana","1,159","7","405.65","3/16/2025 03:43 AM"
"215","Germany","Government","Paseo 1","1,372","7","480.2","3/16/2025 03:43 AM"
"216","Canada","Government","Paseo","2,349","7","822.15","3/16/2025 03:43 AM"
"217","Mexico","Government","Paseo",,,,"3/16/2025 04:23 AM"
"218","Canada","Channel Partners","Paseo","2,431","12","1,458.6","3/16/2025 03:43 AM"
"219","Canada","Channel Partners","Velo","2,431","12","1,458.6","3/16/2025 03:43 AM"
"220","Mexico","Government","VTT",,,,"3/16/2025 04:23 AM"
"221","Mexico","Government","Amarilla",,,,"3/16/2025 04:23 AM"
"222","Mexico","Channel Partners","Amarilla",,,,"3/16/2025 04:23 AM"
"223","Germany","Government","Amarilla","1,159","7","405.65","3/16/2025 03:43 AM"
"224","France","Channel Partners","Carretera","1,865","12","1,119","3/16/2025 03:43 AM"
"225","Germany","Channel Partners","Carretera","1,116","12","669.6","3/16/2025 03:43 AM"
"226","France","Government","Carretera","1,563","20","1,563","3/16/2025 03:43 AM"
"227","United States of America","Small Business","Carretera","991","300","14,865","3/16/2025 03:43 AM"
"228","Germany","Government","Carretera","1,016","7","355.6","3/16/2025 03:43 AM"
"229","Mexico","Midmarket","Carretera",,,,"3/16/2025 04:23 AM"
"230","United States of America","Government","Carretera","570","7","199.5","3/16/2025 03:43 AM"
"231","France","Government","Carretera","2,487","7","870.45","3/16/2025 03:43 AM"
"232","France","Government","Montana","1,384.5","350","24,228.75","3/16/2025 03:43 AM"
"233","United States of America","Enterprise","Montana","3,627","125","22,668.75","3/16/2025 03:43 AM"
"234","Mexico","Government","Montana",,,,"3/16/2025 04:23 AM"
"235","Germany","Channel Partners","Montana","2,342","12","1,405.2","3/16/2025 03:43 AM"
"236","Mexico","Small Business","Montana",,,,"3/16/2025 04:23 AM"
"237","France","Government","Paseo","1,303","20","1,303","3/16/2025 03:43 AM"
"238","United States of America","Enterprise","Paseo","2,992","125","18,700","3/16/2025 03:43 AM"
"239","France","Enterprise","Paseo","2,385","125","14,906.25","3/16/2025 03:43 AM"
"240","Mexico","Small Business","Paseo",,,,"3/16/2025 04:23 AM"
"241","United States of America","Government","Paseo","2,327","7","814.45","3/16/2025 03:43 AM"
"242","United States of America","Small Business","Paseo","991","300","14,865","3/16/2025 03:43 AM"
"243","United States of America","Government","Paseo","602","350","10,535","3/16/2025 03:43 AM"
"244","France","Midmarket","Paseo","2,620","15","1,965","3/16/2025 03:43 AM"
"245","Canada","Government","Paseo","1,228","350","21,490","3/16/2025 03:43 AM"
"246","Canada","Government","Paseo","1,389","20","1,389","3/16/2025 03:43 AM"
"247","United States of America","Enterprise","Paseo","861","125","5,381.25","3/16/2025 03:43 AM"
"248","France","Enterprise","Paseo","704","125","4,400","3/16/2025 03:43 AM"
"249","Canada","Government","Paseo","1,802","20","1,802","3/16/2025 03:43 AM"
"250","United States of America","Government","Paseo","2,663","20","2,663","3/16/2025 03:43 AM"
"251","France","Government","Paseo","2,136","7","747.6","3/16/2025 03:43 AM"
"252","Germany","Midmarket","Paseo","2,116","15","1,587","3/16/2025 03:43 AM"
"253","United States of America","Midmarket","Velo","555","15","416.25","3/16/2025 03:43 AM"
"254","Mexico","Midmarket","Velo",,,,"3/16/2025 04:23 AM"
"255","Germany","Enterprise","Velo","807","125","5,043.75","3/16/2025 03:43 AM"
"256","United States of America","Government","Velo","602","350","10,535","3/16/2025 03:43 AM"
"257","United States of America","Government","Velo","2,832","20","2,832","3/16/2025 03:43 AM"
"258","France","Government","Velo","1,579","20","1,579","3/16/2025 03:43 AM"
"259","United States of America","Enterprise","Velo","861","125","5,381.25","3/16/2025 03:43 AM"
"260","France","Enterprise","Velo","704","125","4,400","3/16/2025 03:43 AM"
"261","France","Government","Velo","1,033","20","1,033","3/16/2025 03:43 AM"
"262","Germany","Small Business","Velo","1,250","300","18,750","3/16/2025 03:43 AM"
"263","Canada","Government","VTT","1,389","20","1,389","3/16/2025 03:43 AM"
"264","United States of America","Government","VTT","1,265","20","1,265","3/16/2025 03:43 AM"
"265","Germany","Government","VTT","2,297","20","2,297","3/16/2025 03:43 AM"
"266","United States of America","Government","VTT","2,663","20","2,663","3/16/2025 03:43 AM"
"267","United States of America","Government","VTT","570","7","199.5","3/16/2025 03:43 AM"
"268","France","Government","VTT","2,487","7","870.45","3/16/2025 03:43 AM"
"269","Germany","Government","Amarilla","1,350","350","23,625","3/16/2025 03:43 AM"
"270","Canada","Government","Amarilla","552","350","9,660","3/16/2025 03:43 AM"
"271","Canada","Government","Amarilla","1,228","350","21,490","3/16/2025 03:43 AM"
"272","Germany","Small Business","Amarilla","1,250","300","18,750","3/16/2025 03:43 AM"
"273","France","Midmarket","Paseo","3,801","15","3,420.9","3/16/2025 03:43 AM"
"274","United States of America","Government","Carretera","1,117.5","20","1,341","3/16/2025 03:43 AM"
"275","Canada","Midmarket","Carretera","2,844","15","2,559.6","3/16/2025 03:43 AM"
"276","Mexico","Channel Partners","Carretera",,,,"3/16/2025 04:23 AM"
"277","Canada","Channel Partners","Carretera","2,299","12","1,655.28","3/16/2025 03:43 AM"
"278","United States of America","Midmarket","Carretera","2,030","15","1,827","3/16/2025 03:43 AM"
"279","United States of America","Government","Carretera","263","7","110.46","3/16/2025 03:43 AM"
"280","Germany","Enterprise","Carretera","887","125","6,652.5","3/16/2025 03:43 AM"
"281","Mexico","Government","Montana",,,,"3/16/2025 04:23 AM"
"282","Germany","Government","Montana","1,460","350","30,660","3/16/2025 03:43 AM"
"283","France","Government","Montana","1,403","7","589.26","3/16/2025 03:43 AM"
"284","United States of America","Channel Partners","Montana","2,723","12","1,960.56","3/16/2025 03:43 AM"
"285","France","Government","Paseo","1,496","350","31,416","3/16/2025 03:43 AM"
"286","Canada","Channel Partners","Paseo","2,299","12","1,655.28","3/16/2025 03:43 AM"
"287","United States of America","Government","Paseo","727","350","15,267","3/16/2025 03:43 AM"
"288","Canada","Enterprise","Velo","952","125","7,140","3/16/2025 03:43 AM"
"289","United States of America","Enterprise","Velo","2,755","125","20,662.5","3/16/2025 03:43 AM"
"290","Germany","Midmarket","Velo","1,530","15","1,377","3/16/2025 03:43 AM"
"291","France","Government","Velo","1,496","350","31,416","3/16/2025 03:43 AM"
"292","Mexico","Government","Velo",,,,"3/16/2025 04:23 AM"
"293","France","Small Business","Velo","1,221","300","21,978","3/16/2025 03:43 AM"
"294","France","Government","Velo","2,076","350","43,596","3/16/2025 03:43 AM"
"295","Canada","Midmarket","VTT","2,844","15","2,559.6","3/16/2025 03:43 AM"
"296","Mexico","Government","VTT",,,,"3/16/2025 04:23 AM"
"297","France","Small Business","VTT","1,221","300","21,978","3/16/2025 03:43 AM"
"298","Mexico","Government","VTT",,,,"3/16/2025 04:23 AM"
"299","Canada","Small Business","VTT","2,436","300","43,848","3/16/2025 03:43 AM"
"300","France","Enterprise","Amarilla","1,987.5","125","14,906.25","3/16/2025 03:43 AM"
"301","Mexico","Government","Amarilla",,,,"3/16/2025 04:23 AM"
"302","United States of America","Government","Amarilla","727","350","15,267","3/16/2025 03:43 AM"
"303","France","Government","Amarilla","1,403","7","589.26","3/16/2025 03:43 AM"
"304","France","Government","Amarilla","2,076","350","43,596","3/16/2025 03:43 AM"
"305","France","Government","Montana","1,757","20","2,108.4","3/16/2025 03:43 AM"
"306","United States of America","Midmarket","Paseo","2,198","15","1,978.2","3/16/2025 03:43 AM"
"307","Germany","Midmarket","Paseo","1,743","15","1,568.7","3/16/2025 03:43 AM"
"308","United States of America","Midmarket","Paseo","1,153","15","1,037.7","3/16/2025 03:43 AM"
"309","France","Government","Paseo","1,757","20","2,108.4","3/16/2025 03:43 AM"
"310","Germany","Government","Velo","1,001","20","1,201.2","3/16/2025 03:43 AM"
"311","Mexico","Government","Velo",,,,"3/16/2025 04:23 AM"
"312","United States of America","Midmarket","VTT","1,153","15","1,037.7","3/16/2025 03:43 AM"
"313","Mexico","Channel Partners","Carretera",,,,"3/16/2025 04:23 AM"
"314","Canada","Channel Partners","Carretera","1,884","12","1,582.56","3/16/2025 03:43 AM"
"315","Mexico","Government","Carretera",,,,"3/16/2025 04:23 AM"
"316","Mexico","Channel Partners","Montana",,,,"3/16/2025 04:23 AM"
"317","France","Channel Partners","Montana","2,342","12","1,967.28","3/16/2025 03:43 AM"
"318","France","Government","Paseo","1,031","7","505.19","3/16/2025 03:43 AM"
"319","Canada","Midmarket","Velo","1,262","15","1,325.1","3/16/2025 03:43 AM"
"320","Canada","Government","Velo","1,135","7","556.15","3/16/2025 03:43 AM"
"321","United States of America","Government","Velo","547","7","268.03","3/16/2025 03:43 AM"
"322","Canada","Government","Velo","1,582","7","775.18","3/16/2025 03:43 AM"
"323","France","Channel Partners","VTT","1,738.5","12","1,460.34","3/16/2025 03:43 AM"
"324","Germany","Channel Partners","VTT","2,215","12","1,860.6","3/16/2025 03:43 AM"
"325","Canada","Government","VTT","1,582","7","775.18","3/16/2025 03:43 AM"
"326","Canada","Government","Amarilla","1,135","7","556.15","3/16/2025 03:43 AM"
"327","United States of America","Government","Carretera","1,761","350","43,144.5","3/16/2025 03:43 AM"
"328","France","Small Business","Carretera","448","300","9,408","3/16/2025 03:43 AM"
"329","France","Small Business","Carretera","2,181","300","45,801","3/16/2025 03:43 AM"
"330","France","Government","Montana","1,976","20","2,766.4","3/16/2025 03:43 AM"
"331","France","Small Business","Montana","2,181","300","45,801","3/16/2025 03:43 AM"
"332","Germany","Enterprise","Montana","2,500","125","21,875","3/16/2025 03:43 AM"
"333","Canada","Small Business","Paseo","1,702","300","35,742","3/16/2025 03:43 AM"
"334","France","Small Business","Paseo","448","300","9,408","3/16/2025 03:43 AM"
"335","Germany","Enterprise","Paseo","3,513","125","30,738.75","3/16/2025 03:43 AM"
"336","France","Midmarket","Paseo","2,101","15","2,206.05","3/16/2025 03:43 AM"
"337","United States of America","Midmarket","Paseo","2,931","15","3,077.55","3/16/2025 03:43 AM"
"338","France","Government","Paseo","1,535","20","2,149","3/16/2025 03:43 AM"
"339","Germany","Small Business","Paseo","1,123","300","23,583","3/16/2025 03:43 AM"
"340","Canada","Small Business","Paseo","1,404","300","29,484","3/16/2025 03:43 AM"
"341","Mexico","Channel Partners","Paseo","2,763","12","2,320.92","3/16/2025 04:23 AM"
"342","Germany","Government","Paseo","2,125","7","1,041.25","3/16/2025 03:43 AM"
"343","France","Small Business","Velo","1,659","300","34,839","3/16/2025 03:43 AM"
"344","Mexico","Government","Velo","609","20","852.6","3/16/2025 04:23 AM"
"345","Germany","Enterprise","Velo","2,087","125","18,261.25","3/16/2025 03:43 AM"
"346","France","Government","Velo","1,976","20","2,766.4","3/16/2025 03:43 AM"
"347","United States of America","Government","Velo","1,421","20","1,989.4","3/16/2025 03:43 AM"
"348","United States of America","Small Business","Velo","1,372","300","28,812","3/16/2025 03:43 AM"
"349","Germany","Government","Velo","588","20","823.2","3/16/2025 03:43 AM"
"350","Canada","Channel Partners","VTT","3,244.5","12","2,725.38","3/16/2025 03:43 AM"
"351","France","Small Business","VTT","959","300","20,139","3/16/2025 03:43 AM"
"352","Mexico","Small Business","VTT","2,747","300","57,687","3/16/2025 04:23 AM"
"353","Canada","Enterprise","Amarilla","1,645","125","14,393.75","3/16/2025 03:43 AM"
"354","France","Government","Amarilla","2,876","350","70,462","3/16/2025 03:43 AM"
"355","Germany","Enterprise","Amarilla","994","125","8,697.5","3/16/2025 03:43 AM"
"356","Canada","Government","Amarilla","1,118","20","1,565.2","3/16/2025 03:43 AM"
"357","United States of America","Small Business","Amarilla","1,372","300","28,812","3/16/2025 03:43 AM"
"358","Canada","Government","Montana","488","7","273.28","3/16/2025 03:43 AM"
"359","United States of America","Government","Montana","1,282","20","2,051.2","3/16/2025 03:43 AM"
"360","Canada","Government","Paseo","257","7","143.92","3/16/2025 03:43 AM"
"361","United States of America","Government","Amarilla","1,282","20","2,051.2","3/16/2025 03:43 AM"
"362","Mexico","Enterprise","Carretera","1,540","125","15,400","3/16/2025 04:23 AM"
"363","France","Midmarket","Carretera","490","15","588","3/16/2025 03:43 AM"
"364","Mexico","Government","Carretera","1,362","350","38,136","3/16/2025 04:23 AM"
"365","France","Midmarket","Montana","2,501","15","3,001.2","3/16/2025 03:43 AM"
"366","Canada","Government","Montana","708","20","1,132.8","3/16/2025 03:43 AM"
"367","Germany","Government","Montana","645","20","1,032","3/16/2025 03:43 AM"
"368","France","Small Business","Montana","1,562","300","37,488","3/16/2025 03:43 AM"
"369","Canada","Small Business","Montana","1,283","300","30,792","3/16/2025 03:43 AM"
"370","Germany","Midmarket","Montana","711","15","853.2","3/16/2025 03:43 AM"
"371","Mexico","Enterprise","Paseo","1,114","125","11,140","3/16/2025 04:23 AM"
"372","Germany","Government","Paseo","1,259","7","705.04","3/16/2025 03:43 AM"
"373","Germany","Government","Paseo","1,095","7","613.2","3/16/2025 03:43 AM"
"374","Germany","Government","Paseo","1,366","20","2,185.6","3/16/2025 03:43 AM"
"375","Mexico","Small Business","Paseo","2,460","300","59,040","3/16/2025 04:23 AM"
"376","United States of America","Government","Paseo","678","7","379.68","3/16/2025 03:43 AM"
"377","Germany","Government","Paseo","1,598","7","894.88","3/16/2025 03:43 AM"
"378","Germany","Government","Paseo","2,409","7","1,349.04","3/16/2025 03:43 AM"
"379","Germany","Government","Paseo","1,934","20","3,094.4","3/16/2025 03:43 AM"
"380","Mexico","Government","Paseo","2,993","20","4,788.8","3/16/2025 04:23 AM"
"381","Germany","Government","Paseo","2,146","350","60,088","3/16/2025 03:43 AM"
"382","Mexico","Government","Paseo","1,946","7","1,089.76","3/16/2025 04:23 AM"
"383","Mexico","Government","Paseo","1,362","350","38,136","3/16/2025 04:23 AM"
"384","Canada","Channel Partners","Velo","598","12","574.08","3/16/2025 03:43 AM"
"385","United States of America","Government","Velo","2,907","7","1,627.92","3/16/2025 03:43 AM"
"386","Germany","Government","Velo","2,338","7","1,309.28","3/16/2025 03:43 AM"
"387","France","Small Business","Velo","386","300","9,264","3/16/2025 03:43 AM"
"388","Mexico","Small Business","Velo","635","300","15,240","3/16/2025 04:23 AM"
"389","France","Government","VTT","574.5","350","16,086","3/16/2025 03:43 AM"
"390","Germany","Government","VTT","2,338","7","1,309.28","3/16/2025 03:43 AM"
"391","France","Government","VTT","381","350","10,668","3/16/2025 03:43 AM"
"392","Germany","Government","VTT","422","350","11,816","3/16/2025 03:43 AM"
"393","Canada","Small Business","VTT","2,134","300","51,216","3/16/2025 03:43 AM"
"394","United States of America","Small Business","VTT","808","300","19,392","3/16/2025 03:43 AM"
"395","Canada","Government","Amarilla","708","20","1,132.8","3/16/2025 03:43 AM"
"396","United States of America","Government","Amarilla","2,907","7","1,627.92","3/16/2025 03:43 AM"
"397","Germany","Government","Amarilla","1,366","20","2,185.6","3/16/2025 03:43 AM"
"398","Mexico","Small Business","Amarilla","2,460","300","59,040","3/16/2025 04:23 AM"
"399","Germany","Government","Amarilla","1,520","20","2,432","3/16/2025 03:43 AM"
"400","Germany","Midmarket","Amarilla","711","15","853.2","3/16/2025 03:43 AM"
"401","Mexico","Channel Partners","Amarilla","1,375","12","1,320","3/16/2025 04:23 AM"
"402","Mexico","Small Business","Amarilla","635","300","15,240","3/16/2025 04:23 AM"
"403","United States of America","Government","VTT","436.5","20","698.4","3/16/2025 03:43 AM"
"404","Canada","Small Business","Carretera","1,094","300","29,538","3/16/2025 03:43 AM"
"405","Mexico","Channel Partners","Carretera","367","12","396.36","3/16/2025 04:23 AM"
"406","Canada","Small Business","Montana","3,802.5","300","102,667.5","3/16/2025 03:43 AM"
"407","France","Government","Montana","1,666","350","52,479","3/16/2025 03:43 AM"
"408","France","Small Business","Montana","322","300","8,694","3/16/2025 03:43 AM"
"409","Canada","Channel Partners","Montana","2,321","12","2,506.68","3/16/2025 03:43 AM"
"410","France","Enterprise","Montana","1,857","125","20,891.25","3/16/2025 03:43 AM"
"411","Canada","Government","Montana","1,611","7","1,014.93","3/16/2025 03:43 AM"
"412","United States of America","Enterprise","Montana","2,797","125","31,466.25","3/16/2025 03:43 AM"
"413","Germany","Small Business","Montana","334","300","9,018","3/16/2025 03:43 AM"
"414","Mexico","Small Business","Paseo","2,565","300","69,255","3/16/2025 04:23 AM"
"415","Mexico","Government","Paseo","2,417","350","76,135.5","3/16/2025 04:23 AM"
"416","United States of America","Midmarket","Paseo","3,675","15","4,961.25","3/16/2025 03:43 AM"
"417","Canada","Small Business","Paseo","1,094","300","29,538","3/16/2025 03:43 AM"
"418","France","Midmarket","Paseo","1,227","15","1,656.45","3/16/2025 03:43 AM"
"419","Mexico","Channel Partners","Paseo","367","12","396.36","3/16/2025 04:23 AM"
"420","France","Small Business","Paseo","1,324","300","35,748","3/16/2025 03:43 AM"
"421","Germany","Channel Partners","Paseo","1,775","12","1,917","3/16/2025 03:43 AM"
"422","United States of America","Enterprise","Paseo","2,797","125","31,466.25","3/16/2025 03:43 AM"
"423","Mexico","Midmarket","Velo","245","15","330.75","3/16/2025 04:23 AM"
"424","Canada","Small Business","Velo","3,793.5","300","102,424.5","3/16/2025 03:43 AM"
"425","Germany","Government","Velo","1,307","350","41,170.5","3/16/2025 03:43 AM"
"426","Canada","Enterprise","Velo","567","125","6,378.75","3/16/2025 03:43 AM"
"427","Mexico","Enterprise","Velo","2,110","125","23,737.5","3/16/2025 04:23 AM"
"428","Canada","Government","Velo","1,269","350","39,973.5","3/16/2025 03:43 AM"
"429","United States of America","Channel Partners","VTT","1,956","12","2,112.48","3/16/2025 03:43 AM"
"430","Germany","Small Business","VTT","2,659","300","71,793","3/16/2025 03:43 AM"
"431","United States of America","Government","VTT","1,351.5","350","42,572.25","3/16/2025 03:43 AM"
"432","Germany","Channel Partners","VTT","880","12","950.4","3/16/2025 03:43 AM"
"433","United States of America","Small Business","VTT","1,867","300","50,409","3/16/2025 03:43 AM"
"434","France","Channel Partners","VTT","2,234","12","2,412.72","3/16/2025 03:43 AM"
"435","France","Midmarket","VTT","1,227","15","1,656.45","3/16/2025 03:43 AM"
"436","Mexico","Enterprise","VTT","877","125","9,866.25","3/16/2025 04:23 AM"
"437","United States of America","Government","Amarilla","2,071","350","65,236.5","3/16/2025 03:43 AM"
"438","Canada","Government","Amarilla","1,269","350","39,973.5","3/16/2025 03:43 AM"
"439","Germany","Midmarket","Amarilla","970","15","1,309.5","3/16/2025 03:43 AM"
"440","Mexico","Government","Amarilla","1,694","20","3,049.2","3/16/2025 04:23 AM"
"441","Germany","Government","Carretera","663","20","1,193.4","3/16/2025 03:43 AM"
"442","Canada","Government","Carretera","819","7","515.97","3/16/2025 03:43 AM"
"443","Germany","Channel Partners","Carretera","1,580","12","1,706.4","3/16/2025 03:43 AM"
"444","Mexico","Government","Carretera","521","7","328.23","3/16/2025 04:23 AM"
"445","United States of America","Government","Paseo","973","20","1,751.4","3/16/2025 03:43 AM"
"446","Mexico","Government","Paseo","1,038","20","1,868.4","3/16/2025 04:23 AM"
"447","Germany","Government","Paseo","360","7","226.8","3/16/2025 03:43 AM"
"448","France","Channel Partners","Velo","1,967","12","2,124.36","3/16/2025 03:43 AM"
"449","Mexico","Midmarket","Velo","2,628","15","3,547.8","3/16/2025 04:23 AM"
"450","Germany","Government","VTT","360","7","226.8","3/16/2025 03:43 AM"
"451","France","Government","VTT","2,682","20","4,827.6","3/16/2025 03:43 AM"
"452","Mexico","Government","VTT","521","7","328.23","3/16/2025 04:23 AM"
"453","Mexico","Government","Amarilla","1,038","20","1,868.4","3/16/2025 04:23 AM"
"454","Canada","Midmarket","Amarilla","1,630.5","15","2,201.175","3/16/2025 03:43 AM"
"455","France","Channel Partners","Amarilla","306","12","330.48","3/16/2025 03:43 AM"
"456","United States of America","Channel Partners","Carretera","386","12","463.2","3/16/2025 03:43 AM"
"457","United States of America","Government","Montana","2,328","7","1,629.6","3/16/2025 03:43 AM"
"458","United States of America","Channel Partners","Paseo","386","12","463.2","3/16/2025 03:43 AM"
"459","United States of America","Enterprise","Carretera","3,445.5","125","43,068.75","3/16/2025 03:43 AM"
"460","France","Enterprise","Carretera","1,482","125","18,525","3/16/2025 03:43 AM"
"461","United States of America","Government","Montana","2,313","350","80,955","3/16/2025 03:43 AM"
"462","United States of America","Enterprise","Montana","1,804","125","22,550","3/16/2025 03:43 AM"
"463","France","Midmarket","Montana","2,072","15","3,108","3/16/2025 03:43 AM"
"464","France","Government","Paseo","1,954","20","3,908","3/16/2025 03:43 AM"
"465","Mexico","Small Business","Paseo","591","300","17,730","3/16/2025 04:23 AM"
"466","France","Midmarket","Paseo","2,167","15","3,250.5","3/16/2025 03:43 AM"
"467","Germany","Government","Paseo","241","20","482","3/16/2025 03:43 AM"
"468","Germany","Midmarket","Velo","681","15","1,021.5","3/16/2025 03:43 AM"
"469","Germany","Midmarket","Velo","510","15","765","3/16/2025 03:43 AM"
"470","United States of America","Midmarket","Velo","790","15","1,185","3/16/2025 03:43 AM"
"471","France","Government","Velo","639","350","22,365","3/16/2025 03:43 AM"
"472","United States of America","Enterprise","Velo","1,596","125","19,950","3/16/2025 03:43 AM"
"473","United States of America","Small Business","Velo","2,294","300","68,820","3/16/2025 03:43 AM"
"474","Germany","Government","Velo","241","20","482","3/16/2025 03:43 AM"
"475","Germany","Government","Velo","2,665","7","1,865.5","3/16/2025 03:43 AM"
"476","Canada","Enterprise","Velo","1,916","125","23,950","3/16/2025 03:43 AM"
"477","France","Small Business","Velo","853","300","25,590","3/16/2025 03:43 AM"
"478","Mexico","Enterprise","VTT","341","125","4,262.5","3/16/2025 04:23 AM"
"479","Mexico","Midmarket","VTT","641","15","961.5","3/16/2025 04:23 AM"
"480","United States of America","Government","VTT","2,807","350","98,245","3/16/2025 03:43 AM"
"481","Mexico","Small Business","VTT","432","300","12,960","3/16/2025 04:23 AM"
"482","United States of America","Small Business","VTT","2,294","300","68,820","3/16/2025 03:43 AM"
"483","France","Midmarket","VTT","2,167","15","3,250.5","3/16/2025 03:43 AM"
"484","Canada","Enterprise","VTT","2,529","125","31,612.5","3/16/2025 03:43 AM"
"485","Germany","Government","VTT","1,870","350","65,450","3/16/2025 03:43 AM"
"486","United States of America","Enterprise","Amarilla","579","125","7,237.5","3/16/2025 03:43 AM"
"487","Canada","Government","Amarilla","2,240","350","78,400","3/16/2025 03:43 AM"
"488","United States of America","Small Business","Amarilla","2,993","300","89,790","3/16/2025 03:43 AM"
"489","Canada","Channel Partners","Amarilla","3,520.5","12","4,224.6","3/16/2025 03:43 AM"
"490","Mexico","Government","Amarilla","2,039","20","4,078","3/16/2025 04:23 AM"
"491","Germany","Channel Partners","Amarilla","2,574","12","3,088.8","3/16/2025 03:43 AM"
"492","Canada","Government","Amarilla","707","350","24,745","3/16/2025 03:43 AM"
"493","France","Midmarket","Amarilla","2,072","15","3,108","3/16/2025 03:43 AM"
"494","France","Small Business","Amarilla","853","300","25,590","3/16/2025 03:43 AM"
"495","France","Channel Partners","Carretera","1,198","12","1,581.36","3/16/2025 03:43 AM"
"496","France","Government","Paseo","2,532","7","1,949.64","3/16/2025 03:43 AM"
"497","France","Channel Partners","Paseo","1,198","12","1,581.36","3/16/2025 03:43 AM"
"498","Canada","Midmarket","Velo","384","15","633.6","3/16/2025 03:43 AM"
"499","Germany","Channel Partners","Velo 1","472","12","623.04","3/16/2025 03:43 AM"
"500","United States of America","Government","VTT 1","1,579","7","1,215.83","3/16/2025 03:43 AM"
"501","Mexico","Channel Partners","VTT","1,005","12","1,326.6","3/16/2025 04:23 AM"
"502","United States of America","Midmarket","Amarilla","3,199.5","15","5,279.175","9/22/2024 02:09 AM"
"503","Germany","Channel Partners","Amarilla","472","12","623.04","3/15/2025 08:29 AM"
"504","Canada","Channel Partners","Carretera","1,937","12","2,556.84","9/22/2024 02:09 AM"
"505","Germany","Government","Carretera","792","350","30,492","3/15/2025 08:29 AM"
"506","Germany","Small Business","Carretera","2,811","300","92,763","3/15/2025 08:29 AM"
"507","France","Enterprise","Carretera","2,441","125","33,563.75","9/22/2024 02:09 AM"
"508","Canada","Midmarket","Carretera","1,560","15","2,574","9/22/2024 02:09 AM"
"509","Mexico","Government","Carretera","2,706","7","2,083.62","3/16/2025 04:23 AM"
"510","Germany","Government","Montana","766","350","29,491","3/15/2025 08:29 AM"
"511","Germany","Government","Montana","2,992","20","6,582.4","3/15/2025 08:29 AM"
"512","Mexico","Midmarket","Montana","2,157","15","3,559.05","3/16/2025 04:23 AM"
"513","Canada","Small Business","Paseo","873","300","28,809","9/22/2024 02:09 AM"
"514","Mexico","Government","Paseo","1,122","20","2,468.4","3/16/2025 04:23 AM"
"515","Canada","Government","Paseo","2,104.5","350","81,023.25","9/22/2024 02:09 AM"
"516","Canada","Channel Partners","Paseo","4,026","12","5,314.32","9/22/2024 02:09 AM"
"517","France","Channel Partners","Paseo","2,425.5","12","3,201.66","9/22/2024 02:09 AM"
"518","Canada","Government","Paseo","2,394","20","5,266.8","9/22/2024 02:09 AM"
"519","Mexico","Midmarket","Paseo","1,984","15","3,273.6","3/16/2025 04:23 AM"
"520","France","Enterprise","Paseo","2,441","125","33,563.75","9/22/2024 02:09 AM"
"521","Germany","Government","Paseo","2,992","20","6,582.4","3/15/2025 08:29 AM"
"522","Canada","Small Business","Paseo","1,366","300","45,078","9/22/2024 02:09 AM"
"523","France","Government","Velo","2,805","20","6,171","9/22/2024 02:09 AM"
"524","Mexico","Midmarket","Velo","655","15","1,080.75","3/16/2025 04:23 AM"
"525","Mexico","Government","Velo","344","350","13,244","3/16/2025 04:23 AM"
"526","Canada","Government","Velo","1,808","7","1,392.16","9/22/2024 02:09 AM"
"527","France","Channel Partners","VTT","1,734","12","2,288.88","9/22/2024 02:09 AM"
"528","Mexico","Enterprise","VTT","554","125","7,617.5","3/16/2025 04:23 AM"
"529","Canada","Government","VTT","2,935","20","6,457","9/22/2024 02:09 AM"
"530","Germany","Enterprise","Amarilla","3,165","125","43,518.75","3/15/2025 08:29 AM"
"531","Mexico","Government","Amarilla","2,629","20","5,783.8","3/16/2025 04:23 AM"
"532","France","Enterprise","Amarilla","1,433","125","19,703.75","9/22/2024 02:09 AM"
"533","Mexico","Enterprise","Amarilla","947","125","13,021.25","3/16/2025 04:23 AM"
"534","Mexico","Government","Amarilla","344","350","13,244","3/16/2025 04:23 AM"
"535","Mexico","Midmarket","Amarilla","2,157","15","3,559.05","3/16/2025 04:23 AM"
"536","United States of America","Government","Paseo","380","7","292.6","9/22/2024 02:09 AM"
"537","Mexico","Government","Carretera","886","350","37,212","3/16/2025 04:23 AM"
"538","Canada","Enterprise","Carretera","2,416","125","36,240","9/22/2024 02:09 AM"
"539","India","Enterprise","Fridge","6,542","320","0","3/16/2025 04:37 AM"
"540","Canada","Midmarket","Carretera","2,689","15","4,840.2","9/22/2024 02:09 AM"
"541","United States of America","Midmarket","Montana","677","15","1,218.6","9/22/2024 02:09 AM"
"542","France","Small Business","Montana","1,773","300","63,828","9/22/2024 02:09 AM"
"543","Mexico","Government","Montana","2,420","7","2,032.8","3/16/2025 04:23 AM"
"544","Canada","Government","Montana","2,734","7","2,296.56","9/22/2024 02:09 AM"
"545","Mexico","Government","Montana","1,715","20","4,116","3/16/2025 04:23 AM"
"546","France","Small Business","Montana","1,186","300","42,696","9/22/2024 02:09 AM"
"547","United States of America","Small Business","Paseo","3,495","300","125,820","9/22/2024 02:09 AM"
"548","Mexico","Government","Paseo","886","350","37,212","3/16/2025 04:23 AM"
"549","Mexico","Enterprise","Paseo","2,156","125","32,340","3/16/2025 04:23 AM"
"550","Mexico","Government","Paseo","905","20","2,172","3/16/2025 04:23 AM"
"551","Mexico","Government","Paseo","1,715","20","4,116","3/16/2025 04:23 AM"
"552","France","Government","Paseo","1,594","350","66,948","9/22/2024 02:09 AM"
"553","Germany","Small Business","Paseo","1,359","300","48,924","3/15/2025 08:29 AM"
"554","Mexico","Small Business","Paseo","2,150","300","77,400","3/16/2025 04:23 AM"
"555","Mexico","Government","Paseo","1,197","350","50,274","3/16/2025 04:23 AM"
"556","Mexico","Midmarket","Paseo","380","15","684","3/16/2025 04:23 AM"
"557","Mexico","Government","Paseo","1,233","20","2,959.2","3/16/2025 04:23 AM"
"558","Mexico","Government","Velo","1,395","350","58,590","3/16/2025 04:23 AM"
"559","United States of America","Government","Velo","986","350","41,412","9/22/2024 02:09 AM"
"560","Mexico","Government","Velo","905","20","2,172","3/16/2025 04:23 AM"
"561","Canada","Channel Partners","VTT","2,109","12","3,036.96","9/22/2024 02:09 AM"
"562","France","Midmarket","VTT","3,874.5","15","6,974.1","9/22/2024 02:09 AM"
"563","Canada","Government","VTT","623","350","26,166","9/22/2024 02:09 AM"
"564","United States of America","Government","VTT","986","350","41,412","9/22/2024 02:09 AM"
"565","United States of America","Enterprise","VTT","2,387","125","35,805","9/22/2024 02:09 AM"
"566","Mexico","Government","VTT","1,233","20","2,959.2","3/16/2025 04:23 AM"
"567","United States of America","Government","Amarilla","270","350","11,340","9/22/2024 02:09 AM"
"568","France","Government","Amarilla","3,421.5","7","2,874.06","9/22/2024 02:09 AM"
"569","Canada","Government","Amarilla","2,734","7","2,296.56","9/22/2024 02:09 AM"
"570","United States of America","Midmarket","Amarilla","2,548","15","4,586.4","9/22/2024 02:09 AM"
"571","France","Government","Carretera","2,521.5","20","6,051.6","9/22/2024 02:09 AM"
"572","Mexico","Channel Partners","Montana","2,661","12","3,831.84","3/16/2025 04:23 AM"
"573","Germany","Government","Paseo","1,531","20","3,674.4","3/15/2025 08:30 AM"
"574","France","Government","VTT","1,491","7","1,252.44","9/22/2024 02:09 AM"
"575","Germany","Government","VTT","1,531","20","3,674.4","3/15/2025 08:30 AM"
"576","Canada","Channel Partners","Amarilla","2,761","12","3,975.84","9/22/2024 02:09 AM"
"577","United States of America","Midmarket","Carretera","2,567","15","5,005.65","9/22/2024 02:09 AM"
"578","United States of America","Midmarket","VTT","2,567","15","5,005.65","9/22/2024 02:09 AM"
"579","Canada","Government","Carretera","923","350","41,996.5","9/22/2024 02:09 AM"
"580","France","Government","Carretera","1,790","350","81,445","9/22/2024 02:09 AM"
"581","Germany","Government","Carretera","442","20","1,149.2","3/15/2025 08:30 AM"
"582","United States of America","Government","Montana","982.5","350","44,703.75","9/22/2024 02:09 AM"
"583","United States of America","Government","Montana","1,298","7","1,181.18","9/22/2024 02:09 AM"
"584","Mexico","Channel Partners","Montana","604","12","942.24","3/16/2025 04:23 AM"
"585","Mexico","Government","Montana","2,255","20","5,863","3/16/2025 04:23 AM"
"586","Canada","Government","Montana","1,249","20","3,247.4","9/22/2024 02:09 AM"
"587","United States of America","Government","Paseo","1,438.5","7","1,309.035","9/22/2024 02:09 AM"
"588","Germany","Small Business","Paseo","807","300","31,473","3/15/2025 08:30 AM"
"589","United States of America","Government","Paseo","2,641","20","6,866.6","9/22/2024 02:09 AM"
"590","Germany","Government","Paseo","2,708","20","7,040.8","3/15/2025 08:30 AM"
"591","Canada","Government","Paseo","2,632","350","119,756","9/22/2024 02:09 AM"
"592","Canada","Enterprise","Paseo","1,583","125","25,723.75","9/22/2024 02:09 AM"
"593","Mexico","Channel Partners","Paseo","571","12","890.76","3/16/2025 04:23 AM"
"594","France","Government","Paseo","2,696","7","2,453.36","9/22/2024 02:09 AM"
"595","Canada","Midmarket","Paseo","1,565","15","3,051.75","9/22/2024 02:09 AM"
"596","Canada","Government","Paseo","1,249","20","3,247.4","9/22/2024 02:09 AM"
"597","Germany","Government","Paseo","357","350","16,243.5","3/15/2025 08:30 AM"
"598","Germany","Channel Partners","Paseo","1,013","12","1,580.28","3/15/2025 08:30 AM"
"599","France","Midmarket","Velo","3,997.5","15","7,795.125","9/22/2024 02:09 AM"
"600","Canada","Government","Velo","2,632","350","119,756","9/22/2024 02:09 AM"
"601","France","Government","Velo","1,190","7","1,082.9","9/22/2024 02:09 AM"
"602","Mexico","Channel Partners","Velo","604","12","942.24","3/16/2025 04:23 AM"
"603","Germany","Midmarket","Velo","660","15","1,287","3/15/2025 08:30 AM"
"604","Mexico","Channel Partners","Velo","410","12","639.6","3/16/2025 04:23 AM"
"605","Mexico","Small Business","Velo","2,605","300","101,595","3/16/2025 04:23 AM"
"606","Germany","Channel Partners","Velo","1,013","12","1,580.28","3/15/2025 08:30 AM"
"607","Canada","Enterprise","VTT","1,583","125","25,723.75","9/22/2024 02:09 AM"
"608","Canada","Midmarket","VTT","1,565","15","3,051.75","9/22/2024 02:09 AM"
"609","Canada","Enterprise","Amarilla","1,659","125","26,958.75","9/22/2024 02:09 AM"
"610","France","Government","Amarilla","1,190","7","1,082.9","9/22/2024 02:09 AM"
"611","Mexico","Channel Partners","Amarilla","410","12","639.6","3/16/2025 04:23 AM"
"612","Germany","Channel Partners","Amarilla","1,770","12","2,761.2","3/15/2025 08:30 AM"
"613","Mexico","Government","Carretera","2,579","20","7,221.2","3/16/2025 04:23 AM"
"614","United States of America","Government","Carretera","1,743","20","4,880.4","9/22/2024 02:09 AM"
"615","United States of America","Government","Carretera","2,996","7","2,936.08","9/22/2024 02:09 AM"
"616","Germany","Government","Carretera","280","7","274.4","3/15/2025 08:30 AM"
"617","France","Government","Montana","293","7","287.14","9/22/2024 02:09 AM"
"618","United States of America","Government","Montana","2,996","7","2,936.08","9/22/2024 02:09 AM"
"619","Germany","Midmarket","Paseo","278","15","583.8","3/15/2025 08:30 AM"
"620","Canada","Government","Paseo","2,428","20","6,798.4","9/22/2024 02:09 AM"
"621","United States of America","Midmarket","Paseo","1,767","15","3,710.7","9/22/2024 02:09 AM"
"622","France","Channel Partners","Paseo","1,393","12","2,340.24","9/22/2024 02:09 AM"
"623","Germany","Government","VTT","280","7","274.4","3/15/2025 08:30 AM"
"624","France","Channel Partners","Amarilla","1,393","12","2,340.24","9/22/2024 02:09 AM"
"625","United States of America","Channel Partners","Amarilla","2,015","12","3,385.2","9/22/2024 02:09 AM"
"626","Mexico","Small Business","Carretera","801","300","33,642","3/16/2025 04:23 AM"
"627","France","Enterprise","Carretera","1,023","125","17,902.5","9/22/2024 02:09 AM"
"628","Canada","Small Business","Carretera","1,496","300","62,832","9/22/2024 02:09 AM"
"629","United States of America","Small Business","Carretera","1,010","300","42,420","9/22/2024 02:09 AM"
"630","Germany","Midmarket","Carretera","1,513","15","3,177.3","3/15/2025 08:30 AM"
"631","Canada","Midmarket","Carretera","2,300","15","4,830","9/22/2024 02:09 AM"
"632","Mexico","Enterprise","Carretera","2,821","125","49,367.5","3/16/2025 04:23 AM"
"633","Canada","Government","Montana","2,227.5","350","109,147.5","9/22/2024 02:09 AM"
"634","Germany","Government","Montana","1,199","350","58,751","3/15/2025 08:30 AM"
"635","Canada","Government","Montana","200","350","9,800","9/22/2024 02:09 AM"
"636","Canada","Government","Montana","388","7","380.24","9/22/2024 02:09 AM"
"637","Mexico","Government","Montana","1,727","7","1,692.46","3/16/2025 04:23 AM"
"638","Canada","Midmarket","Montana","2,300","15","4,830","9/22/2024 02:09 AM"
"639","Mexico","Government","Paseo","260","20","728","3/16/2025 04:23 AM"
"640","Canada","Midmarket","Paseo","2,470","15","5,187","9/22/2024 02:09 AM"
"641","Canada","Midmarket","Paseo","1,743","15","3,660.3","9/22/2024 02:09 AM"
"642","United States of America","Channel Partners","Paseo","2,914","12","4,895.52","9/22/2024 02:09 AM"
"643","France","Government","Paseo","1,731","7","1,696.38","9/22/2024 02:09 AM"
"644","Canada","Government","Paseo","700","350","34,300","9/22/2024 02:09 AM"
"645","Canada","Channel Partners","Paseo","2,222","12","3,732.96","9/22/2024 02:09 AM"
"646","United States of America","Government","Paseo","1,177","350","57,673","9/22/2024 02:09 AM"
"647","France","Government","Paseo","1,922","350","94,178","9/22/2024 02:09 AM"
"648","Mexico","Enterprise","Velo","1,575","125","27,562.5","3/16/2025 04:23 AM"
"649","United States of America","Government","Velo","606","20","1,696.8","9/22/2024 02:09 AM"
"650","United States of America","Small Business","Velo","2,460","300","103,320","9/22/2024 02:09 AM"
"651","Canada","Small Business","Velo","269","300","11,298","9/22/2024 02:09 AM"
"652","Germany","Small Business","Velo","2,536","300","106,512","3/15/2025 08:30 AM"
"653","Mexico","Government","VTT","2,903","7","2,844.94","3/16/2025 04:23 AM"
"654","United States of America","Small Business","VTT","2,541","300","106,722","9/22/2024 02:09 AM"
"655","Canada","Small Business","VTT","269","300","11,298","9/22/2024 02:09 AM"
"656","Canada","Small Business","VTT","1,496","300","62,832","9/22/2024 02:09 AM"
"657","United States of America","Small Business","VTT","1,010","300","42,420","9/22/2024 02:09 AM"
"658","France","Government","VTT","1,281","350","62,769","9/22/2024 02:09 AM"
"659","Canada","Small Business","Amarilla","888","300","37,296","9/22/2024 02:09 AM"
"660","United States of America","Enterprise","Amarilla","2,844","125","49,770","9/22/2024 02:09 AM"
"661","France","Channel Partners","Amarilla","2,475","12","4,158","9/22/2024 02:09 AM"
"662","Canada","Midmarket","Amarilla","1,743","15","3,660.3","9/22/2024 02:09 AM"
"663","United States of America","Channel Partners","Amarilla","2,914","12","4,895.52","9/22/2024 02:09 AM"
"664","France","Government","Amarilla","1,731","7","1,696.38","9/22/2024 02:09 AM"
"665","Mexico","Government","Amarilla","1,727","7","1,692.46","3/16/2025 04:23 AM"
"666","Mexico","Midmarket","Amarilla","1,870","15","3,927","3/16/2025 04:23 AM"
"667","France","Enterprise","Carretera","1,174","125","22,012.5","9/22/2024 02:09 AM"
"668","Germany","Enterprise","Carretera","2,767","125","51,881.25","3/15/2025 08:30 AM"
"669","Germany","Enterprise","Carretera","1,085","125","20,343.75","3/15/2025 08:30 AM"
"670","Mexico","Small Business","Montana","546","300","24,570","3/16/2025 04:23 AM"
"671","Germany","Government","Paseo","1,158","20","3,474","3/15/2025 08:30 AM"
"672","Canada","Midmarket","Paseo","1,614","15","3,631.5","9/22/2024 02:09 AM"
"673","Mexico","Government","Paseo","2,535","7","2,661.75","3/16/2025 04:23 AM"
"674","Mexico","Government","Paseo","2,851","350","149,677.5","3/16/2025 04:23 AM"
"675","Canada","Midmarket","Paseo","2,559","15","5,757.75","9/22/2024 02:09 AM"
"676","United States of America","Government","Paseo","267","20","801","9/22/2024 02:09 AM"
"677","Germany","Enterprise","Paseo","1,085","125","20,343.75","3/15/2025 08:30 AM"
"678","Germany","Midmarket","Paseo","1,175","15","2,643.75","3/15/2025 08:30 AM"
"679","United States of America","Government","Paseo","2,007","350","105,367.5","9/22/2024 02:09 AM"
"680","Mexico","Government","Paseo","2,151","350","112,927.5","3/16/2025 04:23 AM"
"681","United States of America","Channel Partners","Paseo","914","12","1,645.2","9/22/2024 02:09 AM"
"682","France","Government","Paseo","293","20","879","9/22/2024 02:09 AM"
"683","Mexico","Channel Partners","Velo","500","12","900","3/16/2025 04:23 AM"
"684","France","Midmarket","Velo","2,826","15","6,358.5","9/22/2024 02:09 AM"
"685","France","Enterprise","Velo","663","125","12,431.25","9/22/2024 02:09 AM"
"686","United States of America","Small Business","Velo","2,574","300","115,830","9/22/2024 02:09 AM"
"687","United States of America","Enterprise","Velo","2,438","125","45,712.5","9/22/2024 02:09 AM"
"688","United States of America","Channel Partners","Velo","914","12","1,645.2","9/22/2024 02:09 AM"
"689","Canada","Government","VTT","865.5","20","2,596.5","9/22/2024 02:09 AM"
"690","Germany","Midmarket","VTT","492","15","1,107","3/15/2025 08:30 AM"
"691","United States of America","Government","VTT","267","20","801","9/22/2024 02:09 AM"
"692","Germany","Midmarket","VTT","1,175","15","2,643.75","3/15/2025 08:30 AM"
"693","Canada","Enterprise","VTT","2,954","125","55,387.5","9/22/2024 02:09 AM"
"694","Germany","Enterprise","VTT","552","125","10,350","3/15/2025 08:30 AM"
"695","France","Government","VTT","293","20","879","9/22/2024 02:09 AM"
"696","France","Small Business","Amarilla","2,475","300","111,375","9/22/2024 02:09 AM"
"697","Mexico","Small Business","Amarilla","546","300","24,570","3/16/2025 04:23 AM"
"698","Mexico","Government","Montana","1,368","7","1,436.4","3/16/2025 04:23 AM"
"699","Canada","Government","Paseo","723","7","759.15","9/22/2024 02:09 AM"
"700","United States of America","Channel Partners","VTT","1,806","12","3,250.8","9/22/2024 02:09 AM"
"701","Canada","Government","Montana",,,,"12/10/2024 10:24 AM"
